Name	Native isotype	Gene usage	HCDR3 AA sequence	Gene usage	LCDR3 AA sequence
PVI.V5-1	IgG1	VH3-23 DH5-18 JH4	CAPHRGQLWFDYW	VK3-20 JK4	CQQYGSSPPTF
PVI.V5-2	IgG1	VH3-21 DH2-2 JH4	CARDLKLSPAAIGWDYFDYW	VK3-15 JK2	CQQYNNWPRSF
PVI.V5-3	IgG1	VH3-7 DH6-13 JH4	CAIFGAAGTDYW	VL3-16 JL3	CLSADSSGTYWVF
PVI.V5-4	IgG1	VH3-30 DH3-22 JH4	CARENNYYDSSGYSYYFDYW	VK3-20 JK2	CQQYGSSPMCSF
PVI.V5-5	IgA1	VH1-69 DH5-24 JH4	CARDFGREWLQYFYFDCW	VK3-20 JK4	CQQYGSSPTF
PVI.V5-6	IgG1	VH3-7 DH3-3 JH4	CARDNNDFWSGYLYFDYW	VL3-10 JL2	CYSTDSSGNHRGVF
PVI.V6-1	IgG1	VH3-30 DH6-19 JH4	CARGAVAGQHSFDNW	VK2-30 JK4	CMQGTHWPPTF
PVI.V6-2	IgG1	VH3-33 DH6-13 JH4	CARDKRGSSSWLDQYFDYW	VL3-21 JL2	CQVWDSSSDHVVF
PVI.V6-3	IgG1	VH4-31 DH3-22 JH5	CARDMISGRGLFDPW	VK1-33 JK2	CQQYDNLPTF
PVI.V6-4	IgG1	VH1-69 DH4-17 JH3	CARGNYDYGDYLLKGSAFDIW	VK4-1 JK2	CQQYYSTPPNTF
PVI.V6-5	IgG1	VH3-30 DH3-10 JH4	CAKDGGYYYYGSGSYPSYFDYW	VK2D-29 JK4	CMQSIQLPLTF
PVI.V6-6	IgG1	VH4-31 DH3-10 JH6	CASEKFLWGQGYYYGMDVW	VL2-14 JL2	CSSYTSSSTLVF
PVI.V6-7	IgG1	VH4-39 DH3-22 JH4	CATQSDYDSSGLEFDYW	VL2-14 JL3	CSSYTSSSSWVF
PVI.V6-8	IgG1	VH4-31 DH3-22 JH3	CARGREEPIVVVTDAFDIW	VK3-11 JK2	CQQRSNWPPMYTF
PVI.V6-9	IgG1	VH3-30 DH2-15 JH4	CAKSGYPYCGGGTCYSGWFDYW	VK1-33 JK2	CQRYDNPPYTF
PVI.V6-10	IgG1	VH1-2 DH6-19 JH6	CAREIAVAGNDYSYGLDVW	VK3-20 JK4	CQQYGSSLLTF
PVI.V6-11	IgG1	VH1-46 DH6-19 JH6	CASQSHWQWLGGGDSYGMDVW	VK1-9 JK2	CQQLNSYPYTF
PVI.V6-12	IgG1	VH5-51 DH1-26 JH4	CARRFGSYPPYFDYW	VL3-21 JL1	CQVWDSNSDLYVF
PVI.V6-13	IgG1	VH3-30 DH5-18 JH4	CAKAGYSYAYGDYYFDYW	VK1-33 JK3	CQHYDNLPPAVTF
PVI.V6-14	IgG1	VH4-39 DH3-10 JH4	CARCRPEYYFGSGSYLDFDYW	VK1-12 JK4	CQQANSFPLTF
PVI.V6-15	IgG1	VH3-30 DH5-18 JH4	CAKDWGWIQLWGLDYW	VL2-18 JL3	CSSYTSSSTWVF
PVI.V3-1	IgG1	VH4-4 DH1-26 JH4	CVSRGVGATREKDYW	VK3-15 JK4	CQQYNNWPPDLTF
PVI.V3-2	IgG1	VH4-39 DH3-10 JH4	CASLDYYGSGSGPGYFDYW	VK3-11 JK4	CQQRSNWLTF
PVI.V3-3	IgG3	VH3-33 DH6-19 JH4	CASDSSGWYYFDYW	VL3-9 JL2	CQVWDSSTVVF
PVI.V3-4	IgG1	VH3-21 DH2-21 JH3	CAVTLLPTYCGGEWCAFDIW	VK3-15 JK2	CQQYNNWPPYTF
PVI.V3-5	IgG1	VH1-69 DH3-22 JH4	CARNYYDSSGSQGMDYW	VK3-11 JK4	CQQRSNWPPVLTF
PVI.V3-6	IgA1	VH3-66 DH3-3 JH4	CARHLGVVI1	VK4-1 JK1	CQQYYSTLWTF
PVI.V3-7	IgG3	VH4-39 DH1-26 JH4	CAKPSGSYLGFDYW	VK1-39 JK3	CQQSYSTPFTF
PVI.V3-8	IgG1	VH4-38 DH3-3 JH4	CARSDFSVRVGFDCW	VK4-1 JK2	CQQSYTTNTF
PVI.V3-9	IgG1	VH3-53 DH3-16 JH6	CARDLMEGGGMDVW	VK3-20 JK1	CQQYGSSLGTF
PVI.V3-10	IgG1	VH4-34 DH3-22 JH4	CARSQPLLWSSGYCCDYW	VL2-11 JL2	CCSYAGSYTLVF
PVI.V3-12	IgG2	VH1-46 DH5-24 JH4	CASDPNRDGLALDSW	VK3-20 JK2	CQQYGTSPLYTF
PVI.V3-13	IgG1	VH1-69 DH1-14 JH4	CARDRYHGSPVDYW	VK3-11 JK4	CQQRSNWPPSLTF
PVI.V3-14	IgG1	VH4-31 DH5-12 JH4	CARARYSGSARGPPKQYYFDYW	VK3-20 JK1	CQHLVTF
PVI.V3-15	IgG1	VH3-21 DH3-3 JH3	CARDGGRGYDFWSGYYIGAFDIW	VK3-15 JK4	CQQYNDWPPLTF
PVI.V3-16	IgG1	VH3-33 DH2-15 JH6	CARGLGWDIVVVVSGEMDGMDVW	VL1-40 JL1	CQSYDSSLSGPYVF
PVI.V3-17	IgA1	VH3-20 DH2-2 JH4	CARGEGSSDYW	VK3-20 JK1	CQQYGSSPKTF
PVI.V3-18	IgG1	VH3-30 DH2-15 JH4	CAKASGLYCSGGNCLVADFDYW	VL1-39 JL4	CQQSYSTPLSF
PVI.V3-19	IgG1	VH5-51 DH6-19 JH6	CARRNTSAQYSSGWYVHYYYGMDVW	VK2-28 JK3	CMQALQTPGFTF
PVI.V3-20	IgG1	VH3-30 DH3-3 JH6	CAKDQLGAIFAHYYYYGMDVW	VL1-40 JL1	CQSYDSSLSGYVF
PVI.V3-21	IgG1	VH5-51 DH5-24 JH4	CAKLSRDAYRGPFDYW	VL6-57 JL2	CQSYDSSNPDVVF
